media,terpene,terpene_pct,spindle,speed,temperature,viscosity,original_filename,Unnamed: 8
D9,05162024-Customer Oil,0.0,CPA-52Z,20,25.3,23876.66667,05162024-customer oil D9.xlsx,
D9,05162024-Customer Oil,0.0,CPA-52Z,30,30.36666667,10196.0,05162024-customer oil D9.xlsx,
D9,05162024-Customer Oil,0.0,CPA-52Z,50,40.06666667,2037.333333,05162024-customer oil D9.xlsx,
D9,05162024-Customer Oil,0.0,CPA-52Z,250,49.73333333,508.0,05162024-customer oil D9.xlsx,
D9,05162024-Customer Oil,0.0,CPA-52Z,250,60.03333333,165.1,05162024-customer oil D9.xlsx,
D9,05162024-Customer Oil,0.0,CPA-52Z,250,64.76666667,103.7433333,05162024-customer oil D9.xlsx,
D8,Lemon,0.0,CPA-40Z,1,25.2,10630.0,2-6-2023 Lemon HazeD8-10kcp.xlsx,
D8,Lemon,0.0,CPA-40Z,2,30.4,5079.333333,2-6-2023 Lemon HazeD8-10kcp.xlsx,
D8,Lemon,0.0,CPA-40Z,5,39.2,1128.666667,2-6-2023 Lemon HazeD8-10kcp.xlsx,
D8,Lemon,0.0,CPA-40Z,10,49.23333333,309.5666667,2-6-2023 Lemon HazeD8-10kcp.xlsx,
D8,Lemon,0.0,CPA-40Z,25,59.26666667,107.0666667,2-6-2023 Lemon HazeD8-10kcp.xlsx,
D8,Lemon,0.0,CPA-40Z,100,69.46666667,27.64,2-6-2023 Lemon HazeD8-10kcp.xlsx,
Unknown,Unknown,0.0,CPA-52Z,25,25.8,6614.666667,245A -viscosity.xlsx,
Unknown,Unknown,0.0,CPA-40Z,75,48.53333333,22.79,245A -viscosity.xlsx,
D9,300Kcp,0.0,CPA-52Z,,,,300kcp D9 - maui wowie.xlsx,
D9,300Kcp,0.0,CPA-52Z,,,,300kcp D9 - maui wowie.xlsx,
D9,300Kcp,0.0,CPA-52Z,,,,300kcp D9 - maui wowie.xlsx,
D9,300Kcp,0.0,CPA-52Z,,,,300kcp D9 - maui wowie.xlsx,
D9,300Kcp,0.0,CPA-40Z,,,,300kcp D9 - maui wowie.xlsx,
D9,300Kcp,0.0,CPA-40Z,,,,300kcp D9 - maui wowie.xlsx,
D8,4.19.23-Lmnhz,0.0,CPA-52Z,0.5,25.6,740866.6667,4.19.23-lmnhz-D8.xlsx,
D8,4.19.23-Lmnhz,0.0,CPA-52Z,1,30.4,213266.6667,4.19.23-lmnhz-D8.xlsx,
D8,4.19.23-Lmnhz,0.0,CPA-52Z,5,39.7,28573.33333,4.19.23-lmnhz-D8.xlsx,
D8,4.19.23-Lmnhz,0.0,CPA-52Z,25,49.03333333,5334.333333,4.19.23-lmnhz-D8.xlsx,
D8,4.19.23-Lmnhz,0.0,CPA-40Z,50,60.1,166.2,4.19.23-lmnhz-D8.xlsx,
D8,4.19.23-Lmnhz,0.0,CPA-40Z,100,69.43333333,35.57666667,4.19.23-lmnhz-D8.xlsx,
D8,Guava,0.0,CPA-52Z,0.5,25.0,1066766.667,700kcp D8 + Guava.xlsx,
D8,Guava,0.0,CPA-52Z,,,,700kcp D8 + Guava.xlsx,
D8,Guava,0.0,CPA-52Z,,,,700kcp D8 + Guava.xlsx,
D8,Guava,0.0,CPA-52Z,,,,700kcp D8 + Guava.xlsx,
D8,Guava,0.0,CPA-40Z,,,,700kcp D8 + Guava.xlsx,
D8,Guava,0.0,CPA-40Z,,,,700kcp D8 + Guava.xlsx,
D8,Sunset Sherbert,0.0,CPA-52Z,0.5 RPM,25.76666667,763066.6667,763kcp- Sunset Sherbert D8- 05.30.23.xlsx,
D8,Sunset Sherbert,0.0,CPA-52Z,1.0 RPM,29.73333333,277800.0,763kcp- Sunset Sherbert D8- 05.30.23.xlsx,
D8,Sunset Sherbert,0.0,CPA-52Z,10.0 RPM,39.06666667,41223.33333,763kcp- Sunset Sherbert D8- 05.30.23.xlsx,
D8,Sunset Sherbert,0.0,CPA-52Z,50.0 RPM,49.66666667,5101.333333,763kcp- Sunset Sherbert D8- 05.30.23.xlsx,
D8,Sunset Sherbert,0.0,CPA-40Z,100.0 RPM,60.2,106.5666667,763kcp- Sunset Sherbert D8- 05.30.23.xlsx,
D8,Sunset Sherbert,0.0,CPA-40Z,200.0 RPM,68.9,17.26666667,763kcp- Sunset Sherbert D8- 05.30.23.xlsx,
Rosin,Abundant,0.0,CPA-52Z,1,25.4,323566.6667,ABUNDANT ROSIN.xlsx,
Rosin,Abundant,0.0,CPA-52Z,2,29.6,134666.6667,ABUNDANT ROSIN.xlsx,
Rosin,Abundant,0.0,CPA-52Z,10,39.7,11225.61,ABUNDANT ROSIN.xlsx,
Rosin,Abundant,0.0,CPA-52Z,100,49.16666667,1725.0,ABUNDANT ROSIN.xlsx,
Rosin,Abundant,0.0,CPA-40Z,20,59.0,259.8666667,ABUNDANT ROSIN.xlsx,
Rosin,Abundant,0.0,CPA-40Z,100,71.13333333,38.02,ABUNDANT ROSIN.xlsx,
D8,Bubba,0.0,CPA-40Z,10,26.5,1425.0,Alien Bubba D8 6-27-23.xlsx,
D8,Bubba,0.0,CPA-40Z,25,29.73333333,924.0,Alien Bubba D8 6-27-23.xlsx,
D8,Bubba,0.0,CPA-40Z,50,38.9,320.8666667,Alien Bubba D8 6-27-23.xlsx,
D8,Bubba,0.0,CPA-40Z,50,49.16666667,133.2666667,Alien Bubba D8 6-27-23.xlsx,
D8,Bubba,0.0,CPA-40Z,75,58.73333333,57.55333333,Alien Bubba D8 6-27-23.xlsx,
D8,Bubba,0.0,CPA-40Z,85,74.43333333,31.80333333,Alien Bubba D8 6-27-23.xlsx,
Unknown,Lemon,0.0,CPA-52Z,1,25.13333333,464566.6667,Alien Lemon 6-29-23.xlsx,
Unknown,Lemon,0.0,CPA-52Z,3,29.86666667,151366.6667,Alien Lemon 6-29-23.xlsx,
Unknown,Lemon,0.0,CPA-52Z,10,39.3,22466.66667,Alien Lemon 6-29-23.xlsx,
Unknown,Lemon,0.0,CPA-52Z,20,49.0,4365.666667,Alien Lemon 6-29-23.xlsx,
Unknown,Lemon,0.0,CPA-40Z,20,59.1,224.6333333,Alien Lemon 6-29-23.xlsx,
Unknown,Lemon,0.0,CPA-40Z,75,69.13333333,59.41333333,Alien Lemon 6-29-23.xlsx,
D8,Pink Runtz,0.0,CPA-40Z,5,26.4,1219.0,Alien Pink Runtz D8 6-27-23.xlsx,
D8,Pink Runtz,0.0,CPA-40Z,10,29.3,844.1,Alien Pink Runtz D8 6-27-23.xlsx,
D8,Pink Runtz,0.0,CPA-40Z,50,39.16666667,272.2333333,Alien Pink Runtz D8 6-27-23.xlsx,
D8,Pink Runtz,0.0,CPA-40Z,75,49.23333333,95.45333333,Alien Pink Runtz D8 6-27-23.xlsx,
D8,Pink Runtz,0.0,CPA-40Z,75,58.26666667,50.34333333,Alien Pink Runtz D8 6-27-23.xlsx,
D8,Pink Runtz,0.0,CPA-40Z,100,68.83333333,25.02666667,Alien Pink Runtz D8 6-27-23.xlsx,
D8,Rush Cake,0.0,CPA-52Z,1,25.66666667,612000.0,Alien Rush Cake D8 6-27-23.xlsx,
D8,Rush Cake,0.0,CPA-52Z,2,29.43333333,255466.6667,Alien Rush Cake D8 6-27-23.xlsx,
D8,Rush Cake,0.0,CPA-52Z,5,39.2,30796.66667,Alien Rush Cake D8 6-27-23.xlsx,
D8,Rush Cake,0.0,CPA-52Z,25,49.0,5545.666667,Alien Rush Cake D8 6-27-23.xlsx,
D8,Rush Cake,0.0,CPA-40Z,10,60.53333333,358.4,Alien Rush Cake D8 6-27-23.xlsx,
D8,Rush Cake,0.0,CPA-40Z,50,68.8,108.3333333,Alien Rush Cake D8 6-27-23.xlsx,
D8,Sherbert,0.0,CPA-40Z,5,25.33333333,1405.666667,Alien SHERBERT D8 6-27-23.xlsx,
D8,Sherbert,0.0,CPA-40Z,10,29.3,844.1,Alien SHERBERT D8 6-27-23.xlsx,
D8,Sherbert,0.0,CPA-40Z,25,42.93333333,256.0,Alien SHERBERT D8 6-27-23.xlsx,
D8,Sherbert,0.0,CPA-40Z,50,49.66666667,104.4933333,Alien SHERBERT D8 6-27-23.xlsx,
D8,Sherbert,0.0,CPA-40Z,75,59.4,43.48333333,Alien SHERBERT D8 6-27-23.xlsx,
D8,Sherbert,0.0,CPA-40Z,75,65.46666667,30.11333333,Alien SHERBERT D8 6-27-23.xlsx,
Unknown,Unknown,0.0,CPA-52Z,1,24.4,258466.6667,BU2500-Rd146-1 Viscosity oil.xlsx,
Unknown,Unknown,0.0,CPA-52Z,3,29.6,85903.33333,BU2500-Rd146-1 Viscosity oil.xlsx,
Unknown,Unknown,0.0,CPA-52Z,10,39.43333333,10401.0,BU2500-Rd146-1 Viscosity oil.xlsx,
Unknown,Unknown,0.0,CPA-52Z,50,49.26666667,1847.0,BU2500-Rd146-1 Viscosity oil.xlsx,
Unknown,Unknown,0.0,CPA-40Z,50,59.33333333,140.4,BU2500-Rd146-1 Viscosity oil.xlsx,
Unknown,Unknown,0.0,CPA-40Z,100,68.06666667,67.49333333,BU2500-Rd146-1 Viscosity oil.xlsx,
Rosin,Cammamo,0.0,CPA-52Z,1,24.3,121441.3,Cammamo Rosin viscosity7.31.23.xlsx,
Rosin,Cammamo,0.0,CPA-52Z,5,30.1,65880.0,Cammamo Rosin viscosity7.31.23.xlsx,
Rosin,Cammamo,0.0,CPA-52Z,10,39.13333333,12226.66667,Cammamo Rosin viscosity7.31.23.xlsx,
Rosin,Cammamo,0.0,CPA-52Z,50,48.86666667,2788.666667,Cammamo Rosin viscosity7.31.23.xlsx,
Rosin,Cammamo,0.0,CPA-40Z,10,58.6,172.3333333,Cammamo Rosin viscosity7.31.23.xlsx,
Rosin,Cammamo,0.0,CPA-40Z,75,69.0,50.69666667,Cammamo Rosin viscosity7.31.23.xlsx,
Unknown,Tropical,0.0,CPA-40Z,1,24.66666667,16500.0,Cream- Tropical oil.xlsx,
Unknown,Tropical,0.0,CPA-40Z,2,29.66666667,8266.333333,Cream- Tropical oil.xlsx,
Unknown,Tropical,0.0,CPA-40Z,5,39.56666667,4656.333333,Cream- Tropical oil.xlsx,
Unknown,Tropical,0.0,CPA-40Z,5,49.5,2525.333333,Cream- Tropical oil.xlsx,
Unknown,Tropical,0.0,CPA-40Z,15,59.2,804.5333333,Cream- Tropical oil.xlsx,
Unknown,Tropical,0.0,CPA-40Z,20,69.16666667,574.2,Cream- Tropical oil.xlsx,
D8,Cream-Blue,0.0,CPA-40Z,0.5,25.06666667,16810.0,CREAM-BLUE-D8.xlsx,
D8,Cream-Blue,0.0,CPA-40Z,1,29.4,7264.0,CREAM-BLUE-D8.xlsx,
D8,Cream-Blue,0.0,CPA-40Z,5,39.1,1208.666667,CREAM-BLUE-D8.xlsx,
D8,Cream-Blue,0.0,CPA-40Z,15,49.5,260.4,CREAM-BLUE-D8.xlsx,
D8,Cream-Blue,0.0,CPA-40Z,45,59.53333333,74.79666667,CREAM-BLUE-D8.xlsx,
D8,Cream-Blue,0.0,CPA-40Z,250,69.0,23.75666667,CREAM-BLUE-D8.xlsx,
D8,Unknown,0.0,CPA-40Z,1,23.93333333,10343.33333,CREAM-D8 oil.xlsx,
D8,Unknown,0.0,CPA-40Z,1,29.96666667,6032.666667,CREAM-D8 oil.xlsx,
D8,Unknown,0.0,CPA-40Z,3,39.93333333,1482.666667,CREAM-D8 oil.xlsx,
D8,Unknown,0.0,CPA-40Z,10,50.23333333,333.1,CREAM-D8 oil.xlsx,
D8,Unknown,0.0,CPA-40Z,25,59.4,102.39,CREAM-D8 oil.xlsx,
D8,Unknown,0.0,CPA-40Z,100,68.83333333,25.20333333,CREAM-D8 oil.xlsx,
D8,Grape,0.0,CPA-40Z,0.1,26.2,175433.3333,CREAM-Grape-D8.xlsx,
D8,Grape,0.0,CPA-40Z,0.2,29.73333333,91910.0,CREAM-Grape-D8.xlsx,
D8,Grape,0.0,CPA-40Z,1,39.1,13183.33333,CREAM-Grape-D8.xlsx,
D8,Grape,0.0,CPA-40Z,5,48.96666667,2495.666667,CREAM-Grape-D8.xlsx,
D8,Grape,0.0,CPA-40Z,7,59.6,585.4666667,CREAM-Grape-D8.xlsx,
D8,Grape,0.0,CPA-40Z,50,68.0,214.8333333,CREAM-Grape-D8.xlsx,
Unknown,Hhc,0.0,CPA-52Z,5,25.13333333,22966.66667,CREAM-HHC oil.xlsx,
Unknown,Hhc,0.0,CPA-52Z,50,30.33333333,10243.33333,CREAM-HHC oil.xlsx,
Unknown,Hhc,0.0,CPA-52Z,50,39.26666667,2238.333333,CREAM-HHC oil.xlsx,
Unknown,Hhc,0.0,CPA-40Z,25,49.4,157.6666667,CREAM-HHC oil.xlsx,
Unknown,Hhc,0.0,CPA-40Z,50,59.5,50.75,CREAM-HHC oil.xlsx,
Unknown,Hhc,0.0,CPA-40Z,150,69.86666667,30.17333333,CREAM-HHC oil.xlsx,
D8,Gasberry,0.0,CPA-52Z,0.5 RPM,24.8,645600.0,D8 + Gasberry 3.17.23.xlsx,
D8,Gasberry,0.0,CPA-52Z,1.0 RPM,31.7,133366.6667,D8 + Gasberry 3.17.23.xlsx,
D8,Gasberry,0.0,CPA-52Z,10.0 RPM,39.3,26376.66667,D8 + Gasberry 3.17.23.xlsx,
D8,Gasberry,0.0,CPA-52Z,50.0 RPM,48.96666667,4294.666667,D8 + Gasberry 3.17.23.xlsx,
D8,Gasberry,0.0,CPA-40Z,50.0 RPM,59.6,100.46,D8 + Gasberry 3.17.23.xlsx,
D8,Gasberry,0.0,CPA-40Z,200.0 RPM,67.7,8.406666667,D8 + Gasberry 3.17.23.xlsx,
D8,Pineapple,0.0,CPA-52Z,0.5 RPM,24.8,745600.0,D8 + pineapple terpene viscosity 746 kcp 4.7.23.xlsx,
D8,Pineapple,0.0,CPA-52Z,1.0 RPM,31.7,133366.6667,D8 + pineapple terpene viscosity 746 kcp 4.7.23.xlsx,
D8,Pineapple,0.0,CPA-52Z,10.0 RPM,39.3,26376.66667,D8 + pineapple terpene viscosity 746 kcp 4.7.23.xlsx,
D8,Pineapple,0.0,CPA-52Z,50.0 RPM,48.96666667,4294.666667,D8 + pineapple terpene viscosity 746 kcp 4.7.23.xlsx,
D8,Pineapple,0.0,CPA-40Z,50.0 RPM,59.6,100.46,D8 + pineapple terpene viscosity 746 kcp 4.7.23.xlsx,
D8,Pineapple,0.0,CPA-40Z,200.0 RPM,67.7,8.406666667,D8 + pineapple terpene viscosity 746 kcp 4.7.23.xlsx,
D8,Blurazz,0.0,CPA-52Z,2,25.4,209233.3333,D8+BluRazzTerpenes-200kcp.xlsx,
D8,Blurazz,0.0,CPA-52Z,5,30.36666667,69640.0,D8+BluRazzTerpenes-200kcp.xlsx,
D8,Blurazz,0.0,CPA-52Z,25,40.26666667,12436.66667,D8+BluRazzTerpenes-200kcp.xlsx,
D8,Blurazz,0.0,CPA-52Z,75,50.1,2695.333333,D8+BluRazzTerpenes-200kcp.xlsx,
D8,Blurazz,0.0,CPA-52Z,150,59.66666667,760.2666667,D8+BluRazzTerpenes-200kcp.xlsx,
D8,Blurazz,0.0,CPA-52Z,150,64.3,449.8,D8+BluRazzTerpenes-200kcp.xlsx,
D8,Blurazz,0.0,CPA-52Z,5,24.43333333,81386.66667,D8+BluRazzTerpenes-80kcp.xlsx,
D8,Blurazz,0.0,CPA-52Z,11,30.6,27346.66667,D8+BluRazzTerpenes-80kcp.xlsx,
D8,Blurazz,0.0,CPA-52Z,25,40.1,5492.666667,D8+BluRazzTerpenes-80kcp.xlsx,
D8,Blurazz,0.0,CPA-52Z,75,50.03333333,1425.333333,D8+BluRazzTerpenes-80kcp.xlsx,
D8,Blurazz,0.0,CPA-52Z,125,60.0,461.4666667,D8+BluRazzTerpenes-80kcp.xlsx,
D8,Blurazz,0.0,CPA-52Z,125,64.56666667,292.1333333,D8+BluRazzTerpenes-80kcp.xlsx,
D8,Guava,0.0,CPA-52Z,0.5,25.26666667,1179000.0,D8+Guava 1mcp Viscosity 1-26-2024.xlsx,
D8,Guava,0.0,CPA-52Z,1,30.3,308500.0,D8+Guava 1mcp Viscosity 1-26-2024.xlsx,
D8,Guava,0.0,CPA-52Z,5,40.2,36620.0,D8+Guava 1mcp Viscosity 1-26-2024.xlsx,
D8,Guava,0.0,CPA-52Z,50,50.03333333,5016.333333,D8+Guava 1mcp Viscosity 1-26-2024.xlsx,
D8,Guava,0.0,CPA-40Z,,,,D8+Guava 1mcp Viscosity 1-26-2024.xlsx,
D8,Guava,0.0,CPA-40Z,,,,D8+Guava 1mcp Viscosity 1-26-2024.xlsx,
D8,Guava,0.0,CPA-52Z,5,25.3,81760.0,D8+guavaGelato-80kcp.xlsx,
D8,Guava,0.0,CPA-52Z,10,30.3,32130.0,D8+guavaGelato-80kcp.xlsx,
D8,Guava,0.0,CPA-52Z,50,39.7,6255.0,D8+guavaGelato-80kcp.xlsx,
D8,Guava,0.0,CPA-52Z,75,49.6,1548.666667,D8+guavaGelato-80kcp.xlsx,
D8,Guava,0.0,CPA-52Z,150,60.26666667,478.0333333,D8+guavaGelato-80kcp.xlsx,
D8,Guava,0.0,CPA-52Z,225,65.73333333,151.7,D8+guavaGelato-80kcp.xlsx,
D8,Lemon,0.0,CPA-40Z,5,24.36666667,3366.0,D8+lemonhaze 3kcp.xlsx,
D8,Lemon,0.0,CPA-40Z,10,30.0,1392.666667,D8+lemonhaze 3kcp.xlsx,
D8,Lemon,0.0,CPA-40Z,15,39.86666667,418.5333333,D8+lemonhaze 3kcp.xlsx,
D8,Lemon,0.0,CPA-40Z,40,49.3,151.5,D8+lemonhaze 3kcp.xlsx,
D8,Lemon,0.0,CPA-40Z,75,59.36666667,49.18,D8+lemonhaze 3kcp.xlsx,
D8,Lemon,0.0,CPA-40Z,0,69.43333333,8.586666667,D8+lemonhaze 3kcp.xlsx,
D8,Lemon,0.0,CPA-52Z,0.5,24.36666667,1070900.0,D8+LemonHaze-1mcp-3-15-23.xlsx,
D8,Lemon,0.0,CPA-52Z,1,29.33333333,278066.6667,D8+LemonHaze-1mcp-3-15-23.xlsx,
D8,Lemon,0.0,CPA-52Z,15,39.1,28136.66667,D8+LemonHaze-1mcp-3-15-23.xlsx,
D8,Lemon,0.0,CPA-52Z,50,48.73333333,17434.33333,D8+LemonHaze-1mcp-3-15-23.xlsx,
D8,Lemon,0.0,CPA-40Z,100,58.2,103.2566667,D8+LemonHaze-1mcp-3-15-23.xlsx,
D8,Lemon,0.0,CPA-40Z,100,69.53333333,31.30333333,D8+LemonHaze-1mcp-3-15-23.xlsx,
D8,Lemon,0.0,CPA-52Z,0.2,24.96666667,2033000.0,D8+LemonHaze-2mcp-3-15-23.xlsx,
D8,Lemon,0.0,CPA-52Z,1,29.46666667,602733.3333,D8+LemonHaze-2mcp-3-15-23.xlsx,
D8,Lemon,0.0,CPA-52Z,5,39.33333333,51543.33333,D8+LemonHaze-2mcp-3-15-23.xlsx,
D8,Lemon,0.0,CPA-52Z,25,49.4,6413.666667,D8+LemonHaze-2mcp-3-15-23.xlsx,
D8,Lemon,0.0,CPA-52Z,75,58.56666667,1203.333333,D8+LemonHaze-2mcp-3-15-23.xlsx,
D8,Lemon,0.0,CPA-52Z,15,68.73333333,22.67333333,D8+LemonHaze-2mcp-3-15-23.xlsx,
D8,Lemon,0.0,CPA-52Z,2,25.2,303766.6667,D8+LemonHaze-300kcp-3-15-23.xlsx,
D8,Lemon,0.0,CPA-52Z,2,29.3,144466.6667,D8+LemonHaze-300kcp-3-15-23.xlsx,
D8,Lemon,0.0,CPA-52Z,25,39.1,17113.33333,D8+LemonHaze-300kcp-3-15-23.xlsx,
D8,Lemon,0.0,CPA-52Z,50,49.03333333,2894.666667,D8+LemonHaze-300kcp-3-15-23.xlsx,
D8,Lemon,0.0,CPA-40Z,50,63.06666667,118.7666667,D8+LemonHaze-300kcp-3-15-23.xlsx,
D8,Lemon,0.0,CPA-40Z,50,68.06666667,67.84,D8+LemonHaze-300kcp-3-15-23.xlsx,
D8,Lemon,0.0,CPA-40Z,1,24.5,606166.6667,D8+LemonHaze-606viscosity.xlsx,
D8,Lemon,0.0,CPA-40Z,1,29.66666667,168533.3333,D8+LemonHaze-606viscosity.xlsx,
D8,Lemon,0.0,CPA-40Z,10,39.73333333,19023.33333,D8+LemonHaze-606viscosity.xlsx,
D8,Lemon,0.0,CPA-40Z,50,49.6,3286.0,D8+LemonHaze-606viscosity.xlsx,
D8,Lemon,0.0,CPA-52Z,15,59.53333333,260.4666667,D8+LemonHaze-606viscosity.xlsx,
D8,Lemon,0.0,CPA-52Z,50,69.4,82.31666667,D8+LemonHaze-606viscosity.xlsx,
D8,Lemon,0.0,CPA-40Z,0.28,25.8,1281333.333,D8+LemonHaze-viscosity 1.3MCP.xlsx,
D8,Lemon,0.0,CPA-40Z,1,29.66666667,497433.3333,D8+LemonHaze-viscosity 1.3MCP.xlsx,
D8,Lemon,0.0,CPA-40Z,15,39.46666667,45966.66667,D8+LemonHaze-viscosity 1.3MCP.xlsx,
D8,Lemon,0.0,CPA-40Z,15,49.36666667,6632.666667,D8+LemonHaze-viscosity 1.3MCP.xlsx,
D8,Lemon,0.0,CPA-40Z,75,59.4,1125.333333,D8+LemonHaze-viscosity 1.3MCP.xlsx,
D8,Lemon,0.0,CPA-52Z,50,69.23333333,59.46666667,D8+LemonHaze-viscosity 1.3MCP.xlsx,
D8,Watermelon,0.0,CPA-52Z,0.8,24.7,728700.0,D8+watermelon-11.13.23-728kcp.xlsx,
D8,Watermelon,0.0,CPA-52Z,1,30.23333333,208800.0,D8+watermelon-11.13.23-728kcp.xlsx,
D8,Watermelon,0.0,CPA-52Z,5,40.13333333,24290.0,D8+watermelon-11.13.23-728kcp.xlsx,
D8,Watermelon,0.0,CPA-52Z,150,49.96666667,1063.333333,D8+watermelon-11.13.23-728kcp.xlsx,
D8,Watermelon,0.0,CPA-40Z,50,59.46666667,354.7333333,D8+watermelon-11.13.23-728kcp.xlsx,
D8,Watermelon,0.0,CPA-40Z,100,67.73333333,74.99,D8+watermelon-11.13.23-728kcp.xlsx,
D8,Watermelon,0.0,CPA-52Z,0.8,25.23333333,723333.3333,D8+Watermelon-9.23-723kcp.xlsx,
D8,Watermelon,0.0,CPA-52Z,1,30.33333333,215900.0,D8+Watermelon-9.23-723kcp.xlsx,
D8,Watermelon,0.0,CPA-52Z,5,40.06666667,25610.0,D8+Watermelon-9.23-723kcp.xlsx,
D8,Watermelon,0.0,CPA-52Z,25,50.1,4868.333333,D8+Watermelon-9.23-723kcp.xlsx,
D8,Watermelon,0.0,CPA-40Z,50,59.66666667,331.5333333,D8+Watermelon-9.23-723kcp.xlsx,
D8,Watermelon,0.0,CPA-40Z,50,69.4,118.9666667,D8+Watermelon-9.23-723kcp.xlsx,
D8,Watermelon,0.0,CPA-52Z,1,24.66666667,247666.6667,D8+WatermelonSplash-248kcpviscosity-2.27.23.xlsx,
D8,Watermelon,0.0,CPA-52Z,5,29.8,65563.33333,D8+WatermelonSplash-248kcpviscosity-2.27.23.xlsx,
D8,Watermelon,0.0,CPA-52Z,20,39.6,6641.0,D8+WatermelonSplash-248kcpviscosity-2.27.23.xlsx,
D8,Watermelon,0.0,CPA-40Z,5,48.53333333,2828.333333,D8+WatermelonSplash-248kcpviscosity-2.27.23.xlsx,
D8,Watermelon,0.0,CPA-40Z,10,59.5,333.9333333,D8+WatermelonSplash-248kcpviscosity-2.27.23.xlsx,
D8,Watermelon,0.0,CPA-40Z,50,69.36666667,85.8,D8+WatermelonSplash-248kcpviscosity-2.27.23.xlsx,
D8,Unknown,0.0,CPA-52Z,2,24.96666667,190300.0,D8+WTRMLNSKTTLS+MWterps-200kcp.xlsx,
D8,Unknown,0.0,CPA-52Z,5,30.26666667,64663.33333,D8+WTRMLNSKTTLS+MWterps-200kcp.xlsx,
D8,Unknown,0.0,CPA-52Z,15,39.9,10386.66667,D8+WTRMLNSKTTLS+MWterps-200kcp.xlsx,
D8,Unknown,0.0,CPA-52Z,50,49.7,2418.333333,D8+WTRMLNSKTTLS+MWterps-200kcp.xlsx,
D8,Unknown,0.0,CPA-52Z,150,59.9,666.8,D8+WTRMLNSKTTLS+MWterps-200kcp.xlsx,
D8,Unknown,0.0,CPA-52Z,150,64.83333333,414.5333333,D8+WTRMLNSKTTLS+MWterps-200kcp.xlsx,
D8,Watermelon,0.0,CPA-40Z,0.05,25.46666667,247666.6667,D8- 3.28.2023 OG Watermelon.xlsx,
D8,Watermelon,0.0,CPA-40Z,0.1,32.0,57030.0,D8- 3.28.2023 OG Watermelon.xlsx,
D8,Watermelon,0.0,CPA-40Z,0.8,40.6,9286.333333,D8- 3.28.2023 OG Watermelon.xlsx,
D8,Watermelon,0.0,CPA-40Z,4,49.6,1879.333333,D8- 3.28.2023 OG Watermelon.xlsx,
D8,Watermelon,0.0,CPA-40Z,10,60.8,378.4666667,D8- 3.28.2023 OG Watermelon.xlsx,
D8,Watermelon,0.0,CPA-40Z,50,73.9,88.94333333,D8- 3.28.2023 OG Watermelon.xlsx,
D8,Guava,0.0,CPA-40Z,0.5,24.86666667,43566.66667,D8- Guava- Cream.xlsx,
D8,Guava,0.0,CPA-40Z,0.5,29.63333333,30083.33333,D8- Guava- Cream.xlsx,
D8,Guava,0.0,CPA-40Z,1,39.56666667,7917.666667,D8- Guava- Cream.xlsx,
D8,Guava,0.0,CPA-40Z,2,49.46666667,3111.0,D8- Guava- Cream.xlsx,
D8,Guava,0.0,CPA-40Z,40,59.1,293.7,D8- Guava- Cream.xlsx,
D8,Guava,0.0,CPA-40Z,100,69.23333333,174.4333333,D8- Guava- Cream.xlsx,
D9,Unknown,0.0,CPA-52Z,5,25.4,92816.66667,D9 JH+ TigersBlood-100kcp.xlsx,
D9,Unknown,0.0,CPA-52Z,15,30.33333333,35966.66667,D9 JH+ TigersBlood-100kcp.xlsx,
D9,Unknown,0.0,CPA-52Z,50,40.16666667,5873.666667,D9 JH+ TigersBlood-100kcp.xlsx,
D9,Unknown,0.0,CPA-52Z,75,49.46666667,1464.0,D9 JH+ TigersBlood-100kcp.xlsx,
D9,Unknown,0.0,CPA-52Z,75,57.5,509.6666667,D9 JH+ TigersBlood-100kcp.xlsx,
D9,Unknown,0.0,CPA-52Z,150,62.6,209.5666667,D9 JH+ TigersBlood-100kcp.xlsx,
D9,Tigers Blood,0.0,CPA-52Z,1,25.36666667,630233.3333,D9+Tigers Blood 630233cP.xlsx,
D9,Tigers Blood,0.0,CPA-52Z,2,30.4,167333.3333,D9+Tigers Blood 630233cP.xlsx,
D9,Tigers Blood,0.0,CPA-52Z,10,40.3,16750.0,D9+Tigers Blood 630233cP.xlsx,
D9,Tigers Blood,0.0,CPA-52Z,50,50.03333333,2344.333333,D9+Tigers Blood 630233cP.xlsx,
D9,Tigers Blood,0.0,CPA-52Z,150,59.66666667,358.0666667,D9+Tigers Blood 630233cP.xlsx,
D9,Tigers Blood,0.0,CPA-52Z,150,63.66666667,215.2,D9+Tigers Blood 630233cP.xlsx,
D9,Unknown,0.0,CPA-52Z,1,25.36666667,504333.3333,D9+TigersBlood 7-24-24 500kcp.xlsx,
D9,Unknown,0.0,CPA-52Z,5,30.4,134033.3333,D9+TigersBlood 7-24-24 500kcp.xlsx,
D9,Unknown,0.0,CPA-52Z,10,40.23333333,16663.33333,D9+TigersBlood 7-24-24 500kcp.xlsx,
D9,Unknown,0.0,CPA-52Z,50,50.1,2789.0,D9+TigersBlood 7-24-24 500kcp.xlsx,
D9,Unknown,0.0,CPA-52Z,150,60.1,562.6666667,D9+TigersBlood 7-24-24 500kcp.xlsx,
D9,Unknown,0.0,CPA-52Z,150,65.6,298.1,D9+TigersBlood 7-24-24 500kcp.xlsx,
D9,Vapen,0.0,CPA-40Z,0.5,24.9,36866.66667,D9- Vapen Distillate- PplNrdz.xlsx,
D9,Vapen,0.0,CPA-40Z,0.8,29.6,13400.0,D9- Vapen Distillate- PplNrdz.xlsx,
D9,Vapen,0.0,CPA-40Z,2,39.33333333,2044.666667,D9- Vapen Distillate- PplNrdz.xlsx,
D9,Vapen,0.0,CPA-40Z,10,49.43333333,435.1333333,D9- Vapen Distillate- PplNrdz.xlsx,
D9,Vapen,0.0,CPA-40Z,25,59.1,132.1666667,D9- Vapen Distillate- PplNrdz.xlsx,
D9,Vapen,0.0,CPA-40Z,75,69.03333333,41.62666667,D9- Vapen Distillate- PplNrdz.xlsx,
D9,Unknown,0.0,CPA-52Z,,,,D9.xlsx,
D9,Unknown,0.0,CPA-52Z,,,,D9.xlsx,
D9,Unknown,0.0,CPA-52Z,,,,D9.xlsx,
D9,Unknown,0.0,CPA-52Z,,,,D9.xlsx,
D9,Unknown,0.0,CPA-52Z,,,,D9.xlsx,
D9,Unknown,0.0,CPA-52Z,,,,D9.xlsx,
Rosin,Driros Drip,0.0,CPA-52Z,5,25.3,92023.33333,DRIROS Drip Rosin Viscosity 7.31.23.xlsx,
Rosin,Driros Drip,0.0,CPA-52Z,7,29.2,49816.66667,DRIROS Drip Rosin Viscosity 7.31.23.xlsx,
Rosin,Driros Drip,0.0,CPA-52Z,20,39.66666667,6985.0,DRIROS Drip Rosin Viscosity 7.31.23.xlsx,
Rosin,Driros Drip,0.0,CPA-52Z,75,49.43333333,1291.333333,DRIROS Drip Rosin Viscosity 7.31.23.xlsx,
Rosin,Driros Drip,0.0,CPA-40Z,30,58.66666667,94.76,DRIROS Drip Rosin Viscosity 7.31.23.xlsx,
Rosin,Driros Drip,0.0,CPA-40Z,75,68.93333333,37.52666667,DRIROS Drip Rosin Viscosity 7.31.23.xlsx,
D8,Applejacks,7.0,CPA-40Z,1,25.0,18963.33333,GER-D8-Apple Jack-93%.xlsx,
D8,Applejacks,7.0,CPA-40Z,2,30.1,8541.0,GER-D8-Apple Jack-93%.xlsx,
D8,Applejacks,7.0,CPA-40Z,5,40.0,2059.333333,GER-D8-Apple Jack-93%.xlsx,
D8,Applejacks,7.0,CPA-40Z,25,49.8,617.0333333,GER-D8-Apple Jack-93%.xlsx,
D8,Applejacks,7.0,CPA-40Z,50,59.66666667,205.8,GER-D8-Apple Jack-93%.xlsx,
D8,Applejacks,7.0,CPA-40Z,50,67.43333333,108.4766667,GER-D8-Apple Jack-93%.xlsx,
D8,Applejacks,20.0,CPA-40Z,1,25.46666667,9478.666667,GER-D8-Applejacks-80%.xlsx,
D8,Applejacks,20.0,CPA-40Z,3,30.4,4688.333333,GER-D8-Applejacks-80%.xlsx,
D8,Applejacks,20.0,CPA-40Z,15,40.13333333,1332.666667,GER-D8-Applejacks-80%.xlsx,
D8,Applejacks,20.0,CPA-40Z,50,50.2,390.6666667,GER-D8-Applejacks-80%.xlsx,
D8,Applejacks,20.0,CPA-40Z,50,61.53333333,150.1333333,GER-D8-Applejacks-80%.xlsx,
D8,Applejacks,20.0,CPA-40Z,75,68.3,75.22333333,GER-D8-Applejacks-80%.xlsx,
D8,Pinkberry,7.0,CPA-40Z,0.5,25.26666667,27540.0,GER-D8-Pink Berry-93%.xlsx,
D8,Pinkberry,7.0,CPA-40Z,1,30.1,11810.0,GER-D8-Pink Berry-93%.xlsx,
D8,Pinkberry,7.0,CPA-40Z,5,40.16666667,2635.0,GER-D8-Pink Berry-93%.xlsx,
D8,Pinkberry,7.0,CPA-40Z,25,50.16666667,679.7,GER-D8-Pink Berry-93%.xlsx,
D8,Pinkberry,7.0,CPA-40Z,50,60.26666667,209.9666667,GER-D8-Pink Berry-93%.xlsx,
D8,Pinkberry,7.0,CPA-40Z,50,,,GER-D8-Pink Berry-93%.xlsx,
D8,Pinkberry,20.0,CPA-40Z,1,25.5,16350.0,GER-D8-Pinkberry-80%.xlsx,
D8,Pinkberry,20.0,CPA-40Z,3,29.83333333,8327.666667,GER-D8-Pinkberry-80%.xlsx,
D8,Pinkberry,20.0,CPA-40Z,10,40.13333333,2042.0,GER-D8-Pinkberry-80%.xlsx,
D8,Pinkberry,20.0,CPA-40Z,30,49.9,661.5666667,GER-D8-Pinkberry-80%.xlsx,
D8,Pinkberry,20.0,CPA-40Z,50,60.03333333,234.7666667,GER-D8-Pinkberry-80%.xlsx,
D8,Pinkberry,20.0,CPA-40Z,75,66.13333333,117.5333333,GER-D8-Pinkberry-80%.xlsx,
D8,Skittlez,20.0,CPA-40Z,3,25.3,7090.0,GER-D8-skittlez-80%.xlsx,
D8,Skittlez,20.0,CPA-40Z,6,30.1,3643.333333,GER-D8-skittlez-80%.xlsx,
D8,Skittlez,20.0,CPA-40Z,15,40.0,1009.0,GER-D8-skittlez-80%.xlsx,
D8,Skittlez,20.0,CPA-40Z,50,50.0,304.6333333,GER-D8-skittlez-80%.xlsx,
D8,Skittlez,20.0,CPA-40Z,50,59.96666667,127.6666667,GER-D8-skittlez-80%.xlsx,
D8,Skittlez,20.0,CPA-40Z,75,67.6,60.69,GER-D8-skittlez-80%.xlsx,
D8,Skittlez,7.0,CPA-40Z,1,24.53333333,16463.33333,GER-D8-skittlez-93%.xlsx,
D8,Skittlez,7.0,CPA-40Z,2,29.16666667,8096.666667,GER-D8-skittlez-93%.xlsx,
D8,Skittlez,7.0,CPA-40Z,5,39.6,2007.333333,GER-D8-skittlez-93%.xlsx,
D8,Skittlez,7.0,CPA-40Z,25,49.63333333,610.0333333,GER-D8-skittlez-93%.xlsx,
D8,Skittlez,7.0,CPA-40Z,50,59.7,222.0,GER-D8-skittlez-93%.xlsx,
D8,Skittlez,7.0,CPA-40Z,50,67.53333333,122.2666667,GER-D8-skittlez-93%.xlsx,
D8,Lemon,7.0,CPA-40Z,0.5,25.4,25320.0,GER-D8-SUPER LEMON-93%.xlsx,
D8,Lemon,7.0,CPA-40Z,1,29.9,11606.66667,GER-D8-SUPER LEMON-93%.xlsx,
D8,Lemon,7.0,CPA-40Z,5,40.0,2639.0,GER-D8-SUPER LEMON-93%.xlsx,
D8,Lemon,7.0,CPA-40Z,25,51.06666667,689.5666667,GER-D8-SUPER LEMON-93%.xlsx,
D8,Lemon,7.0,CPA-40Z,50,60.1,257.9333333,GER-D8-SUPER LEMON-93%.xlsx,
D8,Lemon,7.0,CPA-40Z,50,67.83333333,139.1666667,GER-D8-SUPER LEMON-93%.xlsx,
D8,Lemon,20.0,CPA-40Z,2,25.46666667,7263.666667,GER-D8-SuperLemon-80%.xlsx,
D8,Lemon,20.0,CPA-40Z,5,29.8,3760.333333,GER-D8-SuperLemon-80%.xlsx,
D8,Lemon,20.0,CPA-40Z,25,40.43333333,722.7333333,GER-D8-SuperLemon-80%.xlsx,
D8,Lemon,20.0,CPA-40Z,50,50.23333333,303.6333333,GER-D8-SuperLemon-80%.xlsx,
D8,Lemon,20.0,CPA-40Z,50,60.2,125.2333333,GER-D8-SuperLemon-80%.xlsx,
D8,Lemon,20.0,CPA-40Z,75,68.0,64.99333333,GER-D8-SuperLemon-80%.xlsx,
D8,Watermelon,20.0,CPA-40Z,1,25.5,10640.0,GER-D8-Watermelon-80%.xlsx,
D8,Watermelon,20.0,CPA-40Z,3,33.56666667,4973.333333,GER-D8-Watermelon-80%.xlsx,
D8,Watermelon,20.0,CPA-40Z,10,40.3,1273.0,GER-D8-Watermelon-80%.xlsx,
D8,Watermelon,20.0,CPA-40Z,50,50.26666667,368.8666667,GER-D8-Watermelon-80%.xlsx,
D8,Watermelon,20.0,CPA-40Z,50,60.13333333,151.9333333,GER-D8-Watermelon-80%.xlsx,
D8,Watermelon,20.0,CPA-40Z,75,67.9,84.06333333,GER-D8-Watermelon-80%.xlsx,
D8,Watermelon,7.0,CPA-40Z,0.5,25.4,36293.33333,GER-D8-WATERMELON-93%.xlsx,
D8,Watermelon,7.0,CPA-40Z,1,21.33333333,14753.33333,GER-D8-WATERMELON-93%.xlsx,
D8,Watermelon,7.0,CPA-40Z,5,40.26666667,2949.333333,GER-D8-WATERMELON-93%.xlsx,
D8,Watermelon,7.0,CPA-40Z,25,50.1,774.6666667,GER-D8-WATERMELON-93%.xlsx,
D8,Watermelon,7.0,CPA-40Z,50,60.06666667,247.6666667,GER-D8-WATERMELON-93%.xlsx,
D8,Watermelon,7.0,CPA-40Z,50,66.03333333,145.2666667,GER-D8-WATERMELON-93%.xlsx,
Unknown,Unknown,0.0,CPA-52Z,0.5,26.5,403733.3333,KYNN- THCP KING LOUIS 6-28-23.xlsx,
Unknown,Unknown,0.0,CPA-52Z,2,30.0,194633.3333,KYNN- THCP KING LOUIS 6-28-23.xlsx,
Unknown,Unknown,0.0,CPA-52Z,10,39.06666667,27306.66667,KYNN- THCP KING LOUIS 6-28-23.xlsx,
Unknown,Unknown,0.0,CPA-52Z,50,49.16666667,4381.666667,KYNN- THCP KING LOUIS 6-28-23.xlsx,
Unknown,Unknown,0.0,CPA-40Z,20,59.46666667,362.3333333,KYNN- THCP KING LOUIS 6-28-23.xlsx,
Unknown,Unknown,0.0,CPA-40Z,75,69.96666667,86.83333333,KYNN- THCP KING LOUIS 6-28-23.xlsx,
D8,Blue Dream,0.0,CPA-52Z,2,25.3,228366.6667,KYNN-BLUE DREAM D8 6-27-23.xlsx,
D8,Blue Dream,0.0,CPA-52Z,5,29.3,106566.6667,KYNN-BLUE DREAM D8 6-27-23.xlsx,
D8,Blue Dream,0.0,CPA-52Z,10,40.76666667,13470.0,KYNN-BLUE DREAM D8 6-27-23.xlsx,
D8,Blue Dream,0.0,CPA-52Z,50,49.96666667,3122.333333,KYNN-BLUE DREAM D8 6-27-23.xlsx,
D8,Blue Dream,0.0,CPA-40Z,100,58.96666667,312.2333333,KYNN-BLUE DREAM D8 6-27-23.xlsx,
D8,Blue Dream,0.0,CPA-40Z,100,66.83333333,161.6666667,KYNN-BLUE DREAM D8 6-27-23.xlsx,
D8,Blueberry,0.0,CPA-52Z,3,25.03333333,164566.6667,KYNN-BLUEBERRY D8 6-26-23.xlsx,
D8,Blueberry,0.0,CPA-52Z,5,29.63333333,77263.33333,KYNN-BLUEBERRY D8 6-26-23.xlsx,
D8,Blueberry,0.0,CPA-52Z,10,39.76666667,13256.66667,KYNN-BLUEBERRY D8 6-26-23.xlsx,
D8,Blueberry,0.0,CPA-52Z,50,49.56666667,2810.0,KYNN-BLUEBERRY D8 6-26-23.xlsx,
D8,Blueberry,0.0,CPA-40Z,35,58.6,115.3666667,KYNN-BLUEBERRY D8 6-26-23.xlsx,
D8,Blueberry,0.0,CPA-40Z,75,67.16666667,38.02,KYNN-BLUEBERRY D8 6-26-23.xlsx,
D8,Lemon,0.0,CPA-40Z,0.4,26.3,47216.66667,KYNN-LEMON SKUNK D8 6-27-23.xlsx,
D8,Lemon,0.0,CPA-40Z,0.8,29.9,22936.66667,KYNN-LEMON SKUNK D8 6-27-23.xlsx,
D8,Lemon,0.0,CPA-40Z,2,40.46666667,3701.666667,KYNN-LEMON SKUNK D8 6-27-23.xlsx,
D8,Lemon,0.0,CPA-40Z,5,49.56666667,960.9666667,KYNN-LEMON SKUNK D8 6-27-23.xlsx,
D8,Lemon,0.0,CPA-40Z,50,58.6,295.4333333,KYNN-LEMON SKUNK D8 6-27-23.xlsx,
D8,Lemon,0.0,CPA-40Z,75,68.5,87.89666667,KYNN-LEMON SKUNK D8 6-27-23.xlsx,
D8,Kynn-Peanut,0.0,CPA-52Z,1,25.1,335350.0,KYNN-PEANUT D8 6-27-23.xlsx,
D8,Kynn-Peanut,0.0,CPA-52Z,3,29.46666667,125766.6667,KYNN-PEANUT D8 6-27-23.xlsx,
D8,Kynn-Peanut,0.0,CPA-52Z,10,39.2,17780.0,KYNN-PEANUT D8 6-27-23.xlsx,
D8,Kynn-Peanut,0.0,CPA-52Z,50,49.5,3021.333333,KYNN-PEANUT D8 6-27-23.xlsx,
D8,Kynn-Peanut,0.0,CPA-40Z,20,59.16666667,178.7666667,KYNN-PEANUT D8 6-27-23.xlsx,
D8,Kynn-Peanut,0.0,CPA-40Z,50,66.46666667,76.91,KYNN-PEANUT D8 6-27-23.xlsx,
Unknown,Unknown,0.0,CPA-40Z,0.25,24.76666667,1207333.333,Kynn-Strawberry Cough.xlsx,
Unknown,Unknown,0.0,CPA-40Z,0.5,30.1,316466.6667,Kynn-Strawberry Cough.xlsx,
Unknown,Unknown,0.0,CPA-40Z,5,39.3,39850.0,Kynn-Strawberry Cough.xlsx,
Unknown,Unknown,0.0,CPA-40Z,15,48.76666667,7038.0,Kynn-Strawberry Cough.xlsx,
Unknown,Unknown,0.0,CPA-40Z,115,58.83333333,701.7,Kynn-Strawberry Cough.xlsx,
Unknown,Unknown,0.0,CPA-52Z,25,69.1,176.1333333,Kynn-Strawberry Cough.xlsx,
D8,Kynn-Thcp Blend,0.0,CPA-52Z,0.1,26.6,4346133.333,KYNN-THCP Blend D8 6-26-23.xlsx,
D8,Kynn-Thcp Blend,0.0,CPA-52Z,0.1,30.03333333,1799400.0,KYNN-THCP Blend D8 6-26-23.xlsx,
D8,Kynn-Thcp Blend,0.0,CPA-52Z,3,39.8,133033.3333,KYNN-THCP Blend D8 6-26-23.xlsx,
D8,Kynn-Thcp Blend,0.0,CPA-52Z,20,49.8,21273.33333,KYNN-THCP Blend D8 6-26-23.xlsx,
D8,Kynn-Thcp Blend,0.0,CPA-52Z,50,59.63333333,4011.333333,KYNN-THCP Blend D8 6-26-23.xlsx,
D8,Kynn-Thcp Blend,0.0,CPA-52Z,75,65.16666667,1450.0,KYNN-THCP Blend D8 6-26-23.xlsx,
D8,Watermelon,0.0,CPA-52Z,3,25.56666667,139000.0,KYNN-watermelon D8 6-26-23.xlsx,
D8,Watermelon,0.0,CPA-52Z,8,29.46666667,64063.33333,KYNN-watermelon D8 6-26-23.xlsx,
D8,Watermelon,0.0,CPA-52Z,20,39.6,11074.33333,KYNN-watermelon D8 6-26-23.xlsx,
D8,Watermelon,0.0,CPA-52Z,75,49.36666667,1993.0,KYNN-watermelon D8 6-26-23.xlsx,
D8,Watermelon,0.0,CPA-40Z,25,60.1,377.7666667,KYNN-watermelon D8 6-26-23.xlsx,
D8,Watermelon,0.0,CPA-40Z,50,68.8,151.2,KYNN-watermelon D8 6-26-23.xlsx,
Unknown,Unknown,1.0,CPA-40Z,1,45.6,399000.0,LD 99%THC.xlsx,
Unknown,Unknown,1.0,CPA-40Z,1,46.8,228000.0,LD 99%THC.xlsx,
Unknown,Unknown,1.0,CPA-40Z,5,48.8,183000.0,LD 99%THC.xlsx,
Unknown,Unknown,1.0,CPA-40Z,10,50.7,147000.0,LD 99%THC.xlsx,
Unknown,Unknown,1.0,CPA-40Z,25,57.2,12000.0,LD 99%THC.xlsx,
Unknown,Unknown,10.0,CPA-40Z,1,38.5,272000.0,LD with 10% Tropicl Breeze Terp.xlsx,
Unknown,Unknown,10.0,CPA-40Z,1,40.1,198000.0,LD with 10% Tropicl Breeze Terp.xlsx,
Unknown,Unknown,10.0,CPA-40Z,5,43.8,75000.0,LD with 10% Tropicl Breeze Terp.xlsx,
Unknown,Unknown,10.0,CPA-40Z,10,47.4,31000.0,LD with 10% Tropicl Breeze Terp.xlsx,
Unknown,Unknown,10.0,CPA-40Z,25,52.0,12000.0,LD with 10% Tropicl Breeze Terp.xlsx,
Unknown,Unknown,5.0,CPA-40Z,1,34.9,293000.0,LD with 5% Orange Cream Terps.xlsx,
Unknown,Unknown,5.0,CPA-40Z,1,37.0,158000.0,LD with 5% Orange Cream Terps.xlsx,
Unknown,Unknown,5.0,CPA-40Z,5,41.0,56000.0,LD with 5% Orange Cream Terps.xlsx,
Unknown,Unknown,5.0,CPA-40Z,10,44.0,30000.0,LD with 5% Orange Cream Terps.xlsx,
Unknown,Unknown,5.0,CPA-40Z,25,49.0,15000.0,LD with 5% Orange Cream Terps.xlsx,
Liquid Diamonds,Unknown,0.0,CPA-52Z,0.1 RPM,25.56666667,2688000.0,Liquid diamonds- Maui Wowie- 4.18.23.xlsx,
Liquid Diamonds,Unknown,0.0,CPA-52Z,0.5 RPM,29.46666667,894300.0,Liquid diamonds- Maui Wowie- 4.18.23.xlsx,
Liquid Diamonds,Unknown,0.0,CPA-52Z,5.0 RPM,39.06666667,79430.0,Liquid diamonds- Maui Wowie- 4.18.23.xlsx,
Liquid Diamonds,Unknown,0.0,CPA-52Z,20.0 RPM,49.36666667,11030.0,Liquid diamonds- Maui Wowie- 4.18.23.xlsx,
Liquid Diamonds,Unknown,0.0,CPA-40Z,75.0 RPM,59.2,1704.0,Liquid diamonds- Maui Wowie- 4.18.23.xlsx,
Liquid Diamonds,Unknown,0.0,CPA-40Z,50.0 RPM,67.16666667,86.33,Liquid diamonds- Maui Wowie- 4.18.23.xlsx,
Unknown,Unknown,0.0,CPA-52Z,5,25.4,26723.33333,MFUSED+ENERGY 7-18-24.xlsx,
Unknown,Unknown,0.0,CPA-52Z,10,30.46666667,11220.0,MFUSED+ENERGY 7-18-24.xlsx,
Unknown,Unknown,0.0,CPA-52Z,50,40.36666667,2439.666667,MFUSED+ENERGY 7-18-24.xlsx,
Unknown,Unknown,0.0,CPA-52Z,150,50.23333333,589.1666667,MFUSED+ENERGY 7-18-24.xlsx,
Unknown,Unknown,0.0,CPA-52Z,175,59.93333333,176.9,MFUSED+ENERGY 7-18-24.xlsx,
Unknown,Unknown,0.0,CPA-52Z,175,64.6,117.9333333,MFUSED+ENERGY 7-18-24.xlsx,
Unknown,Unknown,0.0,CPA-40Z,0.05,25.4,310466.6667,MFUSED+SLEEPEN 7-18-24.xlsx,
Unknown,Unknown,0.0,CPA-40Z,0.1,30.4,86763.33333,MFUSED+SLEEPEN 7-18-24.xlsx,
Unknown,Unknown,0.0,CPA-40Z,0.5,,6483.766667,MFUSED+SLEEPEN 7-18-24.xlsx,
Unknown,Unknown,0.0,CPA-40Z,5,50.16666667,1721.333333,MFUSED+SLEEPEN 7-18-24.xlsx,
Unknown,Unknown,0.0,CPA-40Z,10,60.1,416.8,MFUSED+SLEEPEN 7-18-24.xlsx,
Unknown,Unknown,0.0,CPA-40Z,,,,MFUSED+SLEEPEN 7-18-24.xlsx,
D9,Mpx,0.0,CPA-52Z,0.05,25.2,10100000.0,MPX D9 Viscosity 12-19-2023.xlsx,
D9,Mpx,0.0,CPA-52Z,0.2,30.13333333,1942333.333,MPX D9 Viscosity 12-19-2023.xlsx,
D9,Mpx,0.0,CPA-52Z,2,39.83333333,140366.6667,MPX D9 Viscosity 12-19-2023.xlsx,
D9,Mpx,0.0,CPA-52Z,40,49.8,12190.0,MPX D9 Viscosity 12-19-2023.xlsx,
D9,Mpx,0.0,CPA-52Z,250,59.7,1913.666667,MPX D9 Viscosity 12-19-2023.xlsx,
D9,Mpx,2.5,CPA-52Z,0.4,25.26666667,746133.3333,MPX D9 with Tiger's Blood 2.5% Terp.xlsx,
D9,Mpx,2.5,CPA-52Z,1,30.0,,MPX D9 with Tiger's Blood 2.5% Terp.xlsx,
D9,Mpx,2.5,CPA-52Z,,,,MPX D9 with Tiger's Blood 2.5% Terp.xlsx,
D9,Mpx,2.5,CPA-52Z,,,,MPX D9 with Tiger's Blood 2.5% Terp.xlsx,
D9,Mpx,2.5,CPA-40Z,,,,MPX D9 with Tiger's Blood 2.5% Terp.xlsx,
D9,Mpx,2.5,CPA-40Z,,,,MPX D9 with Tiger's Blood 2.5% Terp.xlsx,
Resin,Mpx Live,0.0,CPA-40Z,0.3,25.3,62693.33333,MPX LIVE RESIN 1-2024.xlsx,
Resin,Mpx Live,0.0,CPA-40Z,0.5,30.26666667,22216.66667,MPX LIVE RESIN 1-2024.xlsx,
Resin,Mpx Live,0.0,CPA-40Z,2,40.13333333,3780.0,MPX LIVE RESIN 1-2024.xlsx,
Resin,Mpx Live,0.0,CPA-40Z,5,50.1,854.5666667,MPX LIVE RESIN 1-2024.xlsx,
Resin,Mpx Live,0.0,CPA-40Z,50,60.0,235.2666667,MPX LIVE RESIN 1-2024.xlsx,
Resin,Mpx Live,0.0,CPA-40Z,50,66.76666667,122.4333333,MPX LIVE RESIN 1-2024.xlsx,
Rosin,Mpx Live,0.0,CPA-52Z,5,25.4,71546.66667,MPX Live Rosin Viscosity.xlsx,
Rosin,Mpx Live,0.0,CPA-52Z,15,30.36666667,30603.33333,MPX Live Rosin Viscosity.xlsx,
Rosin,Mpx Live,0.0,CPA-52Z,50,40.2,6561.666667,MPX Live Rosin Viscosity.xlsx,
Rosin,Mpx Live,0.0,CPA-52Z,200,50.03333333,1504.0,MPX Live Rosin Viscosity.xlsx,
Rosin,Mpx Live,0.0,CPA-52Z,250,59.86666667,488.9666667,MPX Live Rosin Viscosity.xlsx,
Rosin,Mpx Live,0.0,CPA-40Z,,,,MPX Live Rosin Viscosity.xlsx,
Distillate,Mpx,0.0,CPA-52Z,0.5,25.26666667,1326000.0,MPXDistillate-MW 1Mcp.xlsx,
Distillate,Mpx,0.0,CPA-52Z,1,30.2,589166.6667,MPXDistillate-MW 1Mcp.xlsx,
Distillate,Mpx,0.0,CPA-52Z,2,40.2,38103.33333,MPXDistillate-MW 1Mcp.xlsx,
Distillate,Mpx,0.0,CPA-52Z,25,50.0,5620.0,MPXDistillate-MW 1Mcp.xlsx,
Distillate,Mpx,0.0,CPA-52Z,75,60.06666667,973.5333333,MPXDistillate-MW 1Mcp.xlsx,
Distillate,Mpx,0.0,CPA-52Z,75,65.36666667,219.3,MPXDistillate-MW 1Mcp.xlsx,
Distillate,Watermelon,0.0,CPA-52Z,0.8,25.3,750433.3333,MPXDistillate-WatermelonSkittlez-700kcp.xlsx,
Distillate,Watermelon,0.0,CPA-52Z,2,30.2,215366.6667,MPXDistillate-WatermelonSkittlez-700kcp.xlsx,
Distillate,Watermelon,0.0,CPA-52Z,5,40.1,19840.0,MPXDistillate-WatermelonSkittlez-700kcp.xlsx,
Distillate,Watermelon,0.0,CPA-52Z,25,50.06666667,3535.0,MPXDistillate-WatermelonSkittlez-700kcp.xlsx,
Distillate,Watermelon,0.0,CPA-40Z,50,60.43333333,88.75333333,MPXDistillate-WatermelonSkittlez-700kcp.xlsx,
Distillate,Watermelon,0.0,CPA-40Z,75,65.6,44.99666667,MPXDistillate-WatermelonSkittlez-700kcp.xlsx,
Unknown,Pink Berry,20.0,CPA-52Z,40,24.66666667,14806.66667,Only Grams 80% Pink Berry Viscosity.xlsx,
Unknown,Pink Berry,20.0,CPA-52Z,50,29.73333333,6953.333333,Only Grams 80% Pink Berry Viscosity.xlsx,
Unknown,Pink Berry,20.0,CPA-52Z,100,39.53333333,1127.0,Only Grams 80% Pink Berry Viscosity.xlsx,
Unknown,Pink Berry,20.0,CPA-40Z,100,49.56666667,151.3,Only Grams 80% Pink Berry Viscosity.xlsx,
Unknown,Pink Berry,20.0,CPA-40Z,150,60.0,42.43666667,Only Grams 80% Pink Berry Viscosity.xlsx,
Unknown,Pink Berry,20.0,CPA-40Z,,,,Only Grams 80% Pink Berry Viscosity.xlsx,
Unknown,Unknown,0.0,CPA-52Z,0.5,23.73333333,5249.333333,Rambutan 245a-viscosity.xlsx,
Unknown,Unknown,0.0,CPA-40Z,50,48.96666667,144.2333333,Rambutan 245a-viscosity.xlsx,
Resin,Raw Garden-Bluberry Cookies Live,0.0,CPA-40Z,0.1,25.86666667,58426.66667,Raw Garden-Bluberry Cookies Live Resin.xlsx,
Resin,Raw Garden-Bluberry Cookies Live,0.0,CPA-40Z,0.5,30.4,21573.33333,Raw Garden-Bluberry Cookies Live Resin.xlsx,
Resin,Raw Garden-Bluberry Cookies Live,0.0,CPA-40Z,1,39.9,3348.333333,Raw Garden-Bluberry Cookies Live Resin.xlsx,
Resin,Raw Garden-Bluberry Cookies Live,0.0,CPA-40Z,5,49.0,756.8666667,Raw Garden-Bluberry Cookies Live Resin.xlsx,
Resin,Raw Garden-Bluberry Cookies Live,0.0,CPA-40Z,50,59.5,185.9333333,Raw Garden-Bluberry Cookies Live Resin.xlsx,
Resin,Raw Garden-Bluberry Cookies Live,0.0,CPA-40Z,50,66.9,83.36333333,Raw Garden-Bluberry Cookies Live Resin.xlsx,
Unknown,Unknown,0.0,CPA-40Z,0.1,25.86666667,286700.0,Raw Garden-ld-viscocity.xlsx,
Unknown,Unknown,0.0,CPA-40Z,0.1,30.8,115566.6667,Raw Garden-ld-viscocity.xlsx,
Unknown,Unknown,0.0,CPA-40Z,0.5,39.53333333,8918.3,Raw Garden-ld-viscocity.xlsx,
Unknown,Unknown,0.0,CPA-40Z,5,49.3,1969.0,Raw Garden-ld-viscocity.xlsx,
Unknown,Unknown,0.0,CPA-40Z,10,59.33333333,434.2666667,Raw Garden-ld-viscocity.xlsx,
Unknown,Unknown,0.0,CPA-40Z,100,67.93333333,74.99,Raw Garden-ld-viscocity.xlsx,
Unknown,Unknown,0.0,CPA-52Z,1,23.2,384200.0,Raw Garden-Raspberry Liquid Diamond 384kcp.xlsx,
Unknown,Unknown,0.0,CPA-52Z,5,28.6,111000.0,Raw Garden-Raspberry Liquid Diamond 384kcp.xlsx,
Unknown,Unknown,0.0,CPA-52Z,10,38.33333333,15133.33333,Raw Garden-Raspberry Liquid Diamond 384kcp.xlsx,
Unknown,Unknown,0.0,CPA-52Z,75,48.4,1905.0,Raw Garden-Raspberry Liquid Diamond 384kcp.xlsx,
Unknown,Unknown,0.0,CPA-40Z,25,57.96666667,229.5333333,Raw Garden-Raspberry Liquid Diamond 384kcp.xlsx,
Unknown,Unknown,0.0,CPA-40Z,50,65.13333333,92.78,Raw Garden-Raspberry Liquid Diamond 384kcp.xlsx,
Rosin,Unknown,0.0,CPA-52Z,15,27.33333333,10976.66667,ROSIN #15  6-29-23.xlsx,
Rosin,Unknown,0.0,CPA-52Z,15,29.66666667,9190.0,ROSIN #15  6-29-23.xlsx,
Rosin,Unknown,0.0,CPA-52Z,75,40.06666667,2233.0,ROSIN #15  6-29-23.xlsx,
Rosin,Unknown,0.0,CPA-40Z,75,49.93333333,98.58666667,ROSIN #15  6-29-23.xlsx,
Rosin,Unknown,0.0,CPA-40Z,75,60.16666667,30.34666667,ROSIN #15  6-29-23.xlsx,
Rosin,Unknown,0.0,CPA-40Z,250,66.83333333,13.11333333,ROSIN #15  6-29-23.xlsx,
Rosin,Unknown,0.0,CPA-52Z,1,25.46666667,259300.0,ROSIN ABUNDANT Baker 6-29-23.xlsx,
Rosin,Unknown,0.0,CPA-52Z,5,31.26666667,78106.66667,ROSIN ABUNDANT Baker 6-29-23.xlsx,
Rosin,Unknown,0.0,CPA-52Z,10,40.83333333,14523.33333,ROSIN ABUNDANT Baker 6-29-23.xlsx,
Rosin,Unknown,0.0,CPA-52Z,150,50.13333333,806.1333333,ROSIN ABUNDANT Baker 6-29-23.xlsx,
Rosin,Unknown,0.0,CPA-40Z,50,59.03333333,118.9333333,ROSIN ABUNDANT Baker 6-29-23.xlsx,
Rosin,Unknown,0.0,CPA-40Z,100,67.86666667,50.75,ROSIN ABUNDANT Baker 6-29-23.xlsx,
Rosin,Unknown,0.0,CPA-52Z,2,26.06666667,285500.0,ROSIN Jenny KUSH 6-29-23.xlsx,
Rosin,Unknown,0.0,CPA-52Z,5,31.03333333,110666.6667,ROSIN Jenny KUSH 6-29-23.xlsx,
Rosin,Unknown,0.0,CPA-52Z,10,39.46666667,24553.33333,ROSIN Jenny KUSH 6-29-23.xlsx,
Rosin,Unknown,0.0,CPA-52Z,150,49.56666667,1192.333333,ROSIN Jenny KUSH 6-29-23.xlsx,
Rosin,Unknown,0.0,CPA-40Z,25,60.03333333,496.3333333,ROSIN Jenny KUSH 6-29-23.xlsx,
Rosin,Unknown,0.0,CPA-40Z,50,66.4,238.4,ROSIN Jenny KUSH 6-29-23.xlsx,
D9,Strawnana-Selectbriq,0.0,CPA-52Z,1,25.4,408533.3333,STRAWNANA-SELECTBRIQ-D9 viscosity.xlsx,
D9,Strawnana-Selectbriq,0.0,CPA-52Z,3,30.4,126800.0,STRAWNANA-SELECTBRIQ-D9 viscosity.xlsx,
D9,Strawnana-Selectbriq,0.0,CPA-52Z,15,40.26666667,17340.0,STRAWNANA-SELECTBRIQ-D9 viscosity.xlsx,
D9,Strawnana-Selectbriq,0.0,CPA-52Z,75,50.13333333,3298.666667,STRAWNANA-SELECTBRIQ-D9 viscosity.xlsx,
D9,Strawnana-Selectbriq,0.0,CPA-40Z,20,59.66666667,304.7666667,STRAWNANA-SELECTBRIQ-D9 viscosity.xlsx,
D9,Strawnana-Selectbriq,0.0,CPA-40Z,50,66.2,137.5333333,STRAWNANA-SELECTBRIQ-D9 viscosity.xlsx,
Unknown,Unknown,0.0,CPA-52Z,15,25.4,29543.33333,Sublime LRO-11.2023.xlsx,
Unknown,Unknown,0.0,CPA-52Z,50,30.06666667,12520.0,Sublime LRO-11.2023.xlsx,
Unknown,Unknown,0.0,CPA-52Z,150,40.03333333,767.2666667,Sublime LRO-11.2023.xlsx,
Unknown,Unknown,0.0,CPA-40Z,50,46.7,125.5666667,Sublime LRO-11.2023.xlsx,
Unknown,Unknown,0.0,CPA-40Z,75,59.66666667,36.39333333,Sublime LRO-11.2023.xlsx,
Unknown,Unknown,0.0,CPA-40Z,100,66.56666667,9.313333333,Sublime LRO-11.2023.xlsx,
D8,Tazofarms,0.0,CPA-52Z,1,23.46666667,114033.3333,TazoFarms D8 5-15-23.xlsx,
D8,Tazofarms,0.0,CPA-52Z,5,29.0,38416.66667,TazoFarms D8 5-15-23.xlsx,
D8,Tazofarms,0.0,CPA-52Z,15,39.13333333,6544.333333,TazoFarms D8 5-15-23.xlsx,
D8,Tazofarms,0.0,CPA-52Z,75,49.7,1132.0,TazoFarms D8 5-15-23.xlsx,
D8,Tazofarms,0.0,CPA-40Z,50,59.53333333,108.8333333,TazoFarms D8 5-15-23.xlsx,
D8,Tazofarms,0.0,CPA-40Z,75,67.5,49.18,TazoFarms D8 5-15-23.xlsx,
D9,Trumed Jh+Wat,0.0,CPA-52Z,1,23.73333333,704100.0,Trumed JH+wat-D9- 700kcp.xlsx,
D9,Trumed Jh+Wat,0.0,CPA-52Z,5,30.2,89010.0,Trumed JH+wat-D9- 700kcp.xlsx,
D9,Trumed Jh+Wat,0.0,CPA-52Z,10,39.7,12093.33333,Trumed JH+wat-D9- 700kcp.xlsx,
D9,Trumed Jh+Wat,0.0,CPA-52Z,15,47.36666667,672.0666667,Trumed JH+wat-D9- 700kcp.xlsx,
D9,Trumed Jh+Wat,0.0,CPA-40Z,100,59.06666667,92.52,Trumed JH+wat-D9- 700kcp.xlsx,
D9,Trumed Jh+Wat,0.0,CPA-40Z,250,66.46666667,16.25333333,Trumed JH+wat-D9- 700kcp.xlsx,
Distillate,Trumed-Jh,0.0,CPA-52Z,0.3 RPM,25.2,1993333.333,Trumed-JH Distillate- 2millioncp.xlsx,
Distillate,Trumed-Jh,0.0,CPA-52Z,1 RPM,30.1,508300.0,Trumed-JH Distillate- 2millioncp.xlsx,
Distillate,Trumed-Jh,0.0,CPA-52Z,5 RPM,39.7,53816.66667,Trumed-JH Distillate- 2millioncp.xlsx,
Distillate,Trumed-Jh,0.0,CPA-52Z,20 RPM,49.63333333,8308.0,Trumed-JH Distillate- 2millioncp.xlsx,
Distillate,Trumed-Jh,0.0,CPA-40Z,50 RPM,59.4,1958.0,Trumed-JH Distillate- 2millioncp.xlsx,
Distillate,Trumed-Jh,0.0,CPA-40Z, RPM,,,Trumed-JH Distillate- 2millioncp.xlsx,
D9,Trumed,0.0,CPA-52Z,1,25.2,700633.3333,TruMedD9-3-6-23.xlsx,
D9,Trumed,0.0,CPA-52Z,1.5,29.26666667,280466.6667,TruMedD9-3-6-23.xlsx,
D9,Trumed,0.0,CPA-52Z,5,39.73333333,24396.66667,TruMedD9-3-6-23.xlsx,
D9,Trumed,0.0,CPA-52Z,25,51.46666667,3545.333333,TruMedD9-3-6-23.xlsx,
D9,Trumed,0.0,CPA-40Z,50,59.7,99.76333333,TruMedD9-3-6-23.xlsx,
D9,Trumed,0.0,CPA-40Z,250,68.8,6.313333333,TruMedD9-3-6-23.xlsx,
D8,Urb Purple Urkle,0.0,CPA-52Z,0.1,25.1,2069333.333,URB Purple Urkle D8 6-28-23.xlsx,
D8,Urb Purple Urkle,0.0,CPA-52Z,0.5,29.6,648233.3333,URB Purple Urkle D8 6-28-23.xlsx,
D8,Urb Purple Urkle,0.0,CPA-52Z,5,39.2,65883.33333,URB Purple Urkle D8 6-28-23.xlsx,
D8,Urb Purple Urkle,0.0,CPA-52Z,15,49.13333333,9666.333333,URB Purple Urkle D8 6-28-23.xlsx,
D8,Urb Purple Urkle,0.0,CPA-52Z,75,59.06666667,1615.666667,URB Purple Urkle D8 6-28-23.xlsx,
Unknown,Unknown,0.0,CPA-52Z,0.2,24.93333333,1652333.333,URB Slurricane 6-28-23.xlsx,
Unknown,Unknown,0.0,CPA-52Z,0.5,29.66666667,503233.3333,URB Slurricane 6-28-23.xlsx,
Unknown,Unknown,0.0,CPA-52Z,5,39.2,53393.33333,URB Slurricane 6-28-23.xlsx,
Unknown,Unknown,0.0,CPA-52Z,15,48.96666667,9578.0,URB Slurricane 6-28-23.xlsx,
Unknown,Unknown,0.0,CPA-40Z,10,59.13333333,361.0,URB Slurricane 6-28-23.xlsx,
Unknown,Unknown,0.0,CPA-40Z,75,68.96666667,83.36,URB Slurricane 6-28-23.xlsx,
D8,Urb Tangie Banana,0.0,CPA-52Z,0.5,26.6,1256333.333,URB tangie Banana D8 6-28-23.xlsx,
D8,Urb Tangie Banana,0.0,CPA-52Z,1,29.6,586833.3333,URB tangie Banana D8 6-28-23.xlsx,
D8,Urb Tangie Banana,0.0,CPA-52Z,3,39.06666667,64733.33333,URB tangie Banana D8 6-28-23.xlsx,
D8,Urb Tangie Banana,0.0,CPA-52Z,10,48.9,9789.0,URB tangie Banana D8 6-28-23.xlsx,
D8,Urb Tangie Banana,0.0,CPA-40Z,35,59.06666667,571.5,URB tangie Banana D8 6-28-23.xlsx,
D8,Urb Tangie Banana,0.0,CPA-40Z,50,66.0,228.1,URB tangie Banana D8 6-28-23.xlsx,
Unknown,Unknown,0.0,CPA-40Z,0.03,25.26666667,4127666.667,Viscosity 4.13million 1-18-2023.xlsx,
Unknown,Unknown,0.0,CPA-40Z,0.2,31.8,617800.0,Viscosity 4.13million 1-18-2023.xlsx,
Unknown,Unknown,0.0,CPA-40Z,1.5,39.5,88550.0,Viscosity 4.13million 1-18-2023.xlsx,
Unknown,Unknown,0.0,CPA-40Z,10,49.43333333,11163.33333,Viscosity 4.13million 1-18-2023.xlsx,
Unknown,Unknown,0.0,CPA-40Z,50,59.2,2101.0,Viscosity 4.13million 1-18-2023.xlsx,
Unknown,Unknown,0.0,CPA-40Z,150,69.5,144.5666667,Viscosity 4.13million 1-18-2023.xlsx,
D8,Viscosity,0.0,CPA-40Z,1,23.8,11246.66667,Viscosity D8- 11kcp.xlsx,
D8,Viscosity,0.0,CPA-40Z,1,29.6,4368.333333,Viscosity D8- 11kcp.xlsx,
D8,Viscosity,0.0,CPA-40Z,5,39.7,1424.0,Viscosity D8- 11kcp.xlsx,
D8,Viscosity,0.0,CPA-40Z,10,49.5,340.1,Viscosity D8- 11kcp.xlsx,
D8,Viscosity,0.0,CPA-40Z,25,59.76666667,128.7,Viscosity D8- 11kcp.xlsx,
D8,Viscosity,0.0,CPA-40Z,50,69.46666667,61.37333333,Viscosity D8- 11kcp.xlsx,
D8,Viscosity,0.0,CPA-52Z,0.5,25.16666667,604833.3333,Viscosity D8- 600kcp-march2024.xlsx,
D8,Viscosity,0.0,CPA-52Z,2,30.33333333,169733.3333,Viscosity D8- 600kcp-march2024.xlsx,
D8,Viscosity,0.0,CPA-52Z,15,39.9,22526.66667,Viscosity D8- 600kcp-march2024.xlsx,
D8,Viscosity,0.0,CPA-52Z,50,50.0,3831.333333,Viscosity D8- 600kcp-march2024.xlsx,
D8,Viscosity,0.0,CPA-52Z,100,59.9,936.6,Viscosity D8- 600kcp-march2024.xlsx,
D8,Viscosity,0.0,CPA-52Z,150,62.56666667,550.3333333,Viscosity D8- 600kcp-march2024.xlsx,
Unknown,Unknown,0.0,CPA-52Z,,,,Viscosity template.xlsx,
Unknown,Unknown,0.0,CPA-52Z,,,,Viscosity template.xlsx,
Unknown,Unknown,0.0,CPA-52Z,,,,Viscosity template.xlsx,
Unknown,Unknown,0.0,CPA-52Z,,,,Viscosity template.xlsx,
Unknown,Unknown,0.0,CPA-40Z,,,,Viscosity template.xlsx,
Unknown,Unknown,0.0,CPA-40Z,,,,Viscosity template.xlsx,
D8,Viscosity-Pure,0.0,CPA-52Z,0.01,25.2,54346666.67,Viscosity-Pure D8 1.18.23.xlsx,
D8,Viscosity-Pure,0.0,CPA-52Z,0.05,30.86666667,8418333.333,Viscosity-Pure D8 1.18.23.xlsx,
D8,Viscosity-Pure,0.0,CPA-52Z,1,39.76666667,524666.6667,Viscosity-Pure D8 1.18.23.xlsx,
D8,Viscosity-Pure,0.0,CPA-52Z,5,49.56666667,46990.0,Viscosity-Pure D8 1.18.23.xlsx,
D8,Viscosity-Pure,0.0,CPA-52Z,15,59.4,7390.666667,Viscosity-Pure D8 1.18.23.xlsx,
D8,Viscosity-Pure,0.0,CPA-52Z,50,68.9,1751.333333,Viscosity-Pure D8 1.18.23.xlsx,
,,,,,,,,
,,,,,,,,
,,,,,,,,
,,,,,,,,
,,,,,,,,74.43333333
,,,,,,,,
,,,,,,,,51.0
